{
  "cutoffs": [
    1,
    3,
    5,
    10
  ],
  "query_count": 777,
  "metrics": {
    "ndcg": {
      "1": 0.39835307600950115,
      "3": 0.3732624940617577,
      "5": 0.40792172209026134,
      "10": 0.45417021377672206
    },
    "recall": {
      "1": 0.17658752969121136,
      "3": 0.35216749406175774,
      "5": 0.4418532304038005,
      "10": 0.54922216152019
    }
  },
  "domains": {
    "clapnq": {
      "domain": "clapnq",
      "query_count": 208,
      "metrics": {
        "ndcg": {
          "1": 0.45673,
          "3": 0.41683,
          "5": 0.4581,
          "10": 0.50749
        },
        "recall": {
          "1": 0.19636,
          "3": 0.3803,
          "5": 0.49681,
          "10": 0.61441
        }
      }
    },
    "fiqa": {
      "domain": "fiqa",
      "query_count": 180,
      "metrics": {
        "ndcg": {
          "1": 0.29444,
          "3": 0.29394,
          "5": 0.32518,
          "10": 0.37172
        },
        "recall": {
          "1": 0.12824,
          "3": 0.28231,
          "5": 0.35759,
          "10": 0.45922
        }
      }
    },
    "govt": {
      "domain": "govt",
      "query_count": 201,
      "metrics": {
        "ndcg": {
          "1": 0.41294,
          "3": 0.40926,
          "5": 0.44128,
          "10": 0.48642
        },
        "recall": {
          "1": 0.1853,
          "3": 0.39426,
          "5": 0.48133,
          "10": 0.59051
        }
      }
    },
    "cloud": {
      "domain": "cloud",
      "query_count": 188,
      "metrics": {
        "ndcg": {
          "1": 0.42021,
          "3": 0.36508,
          "5": 0.39859,
          "10": 0.44228
        },
        "recall": {
          "1": 0.19282,
          "3": 0.3453,
          "5": 0.42239,
          "10": 0.52226
        }
      }
    }
  }
}
