{
  "cutoffs": [
    1,
    3,
    5,
    10
  ],
  "query_count": 777,
  "metrics": {
    "ndcg": {
      "1": 0.24867467933491688,
      "3": 0.22915383610451306,
      "5": 0.2541133491686461,
      "10": 0.2880225890736342
    },
    "recall": {
      "1": 0.10175694774346793,
      "3": 0.21391991686460807,
      "5": 0.27953287410926364,
      "10": 0.361789513064133
    }
  },
  "domains": {
    "clapnq": {
      "domain": "clapnq",
      "query_count": 208,
      "metrics": {
        "ndcg": {
          "1": 0.26923,
          "3": 0.24056,
          "5": 0.26896,
          "10": 0.31061
        },
        "recall": {
          "1": 0.0899,
          "3": 0.21363,
          "5": 0.29837,
          "10": 0.39922
        }
      }
    },
    "fiqa": {
      "domain": "fiqa",
      "query_count": 180,
      "metrics": {
        "ndcg": {
          "1": 0.12778,
          "3": 0.13403,
          "5": 0.1458,
          "10": 0.16452
        },
        "recall": {
          "1": 0.04907,
          "3": 0.13001,
          "5": 0.16097,
          "10": 0.20772
        }
      }
    },
    "govt": {
      "domain": "govt",
      "query_count": 201,
      "metrics": {
        "ndcg": {
          "1": 0.33831,
          "3": 0.30373,
          "5": 0.3422,
          "10": 0.3826
        },
        "recall": {
          "1": 0.15448,
          "3": 0.28409,
          "5": 0.37783,
          "10": 0.47544
        }
      }
    },
    "cloud": {
      "domain": "cloud",
      "query_count": 188,
      "metrics": {
        "ndcg": {
          "1": 0.25,
          "3": 0.23118,
          "5": 0.25108,
          "10": 0.2845
        },
        "recall": {
          "1": 0.11082,
          "3": 0.22244,
          "5": 0.27143,
          "10": 0.35181
        }
      }
    }
  }
}
