{
  "cutoffs": [
    1,
    3,
    5,
    10
  ],
  "query_count": 777,
  "metrics": {
    "ndcg": {
      "1": 0.33305286223277913,
      "3": 0.31964039192399046,
      "5": 0.3456685035629454,
      "10": 0.3832303444180522
    },
    "recall": {
      "1": 0.1483030641330166,
      "3": 0.30220586698337293,
      "5": 0.3747607007125891,
      "10": 0.4618815795724466
    }
  },
  "domains": {
    "clapnq": {
      "domain": "clapnq",
      "query_count": 208,
      "metrics": {
        "ndcg": {
          "1": 0.39423,
          "3": 0.37687,
          "5": 0.40112,
          "10": 0.44117
        },
        "recall": {
          "1": 0.15609,
          "3": 0.3466,
          "5": 0.42806,
          "10": 0.5231
        }
      }
    },
    "fiqa": {
      "domain": "fiqa",
      "query_count": 180,
      "metrics": {
        "ndcg": {
          "1": 0.3,
          "3": 0.27186,
          "5": 0.29483,
          "10": 0.3326
        },
        "recall": {
          "1": 0.13385,
          "3": 0.24687,
          "5": 0.31149,
          "10": 0.39864
        }
      }
    },
    "govt": {
      "domain": "govt",
      "query_count": 201,
      "metrics": {
        "ndcg": {
          "1": 0.32836,
          "3": 0.31301,
          "5": 0.34582,
          "10": 0.38618
        },
        "recall": {
          "1": 0.14483,
          "3": 0.30014,
          "5": 0.38344,
          "10": 0.47877
        }
      }
    },
    "cloud": {
      "domain": "cloud",
      "query_count": 188,
      "metrics": {
        "ndcg": {
          "1": 0.30319,
          "3": 0.31041,
          "5": 0.33427,
          "10": 0.36599
        },
        "recall": {
          "1": 0.15745,
          "3": 0.30957,
          "5": 0.36888,
          "10": 0.43875
        }
      }
    }
  }
}
