{
  "cutoffs": [
    1,
    3,
    5,
    10
  ],
  "query_count": 777,
  "metrics": {
    "ndcg": {
      "1": 0.30450760095011875,
      "3": 0.2939931591448931,
      "5": 0.32713995249406175,
      "10": 0.3707396674584323
    },
    "recall": {
      "1": 0.129326567695962,
      "3": 0.2822501425178147,
      "5": 0.36451485748218526,
      "10": 0.46675799287410924
    }
  },
  "domains": {
    "clapnq": {
      "domain": "clapnq",
      "query_count": 208,
      "metrics": {
        "ndcg": {
          "1": 0.39904,
          "3": 0.36599,
          "5": 0.39712,
          "10": 0.44885
        },
        "recall": {
          "1": 0.14852,
          "3": 0.33923,
          "5": 0.43234,
          "10": 0.5543
        }
      }
    },
    "fiqa": {
      "domain": "fiqa",
      "query_count": 180,
      "metrics": {
        "ndcg": {
          "1": 0.25,
          "3": 0.23875,
          "5": 0.27091,
          "10": 0.30877
        },
        "recall": {
          "1": 0.10839,
          "3": 0.22866,
          "5": 0.29937,
          "10": 0.3903
        }
      }
    },
    "govt": {
      "domain": "govt",
      "query_count": 201,
      "metrics": {
        "ndcg": {
          "1": 0.30846,
          "3": 0.32162,
          "5": 0.35648,
          "10": 0.40093
        },
        "recall": {
          "1": 0.14287,
          "3": 0.31849,
          "5": 0.40498,
          "10": 0.50982
        }
      }
    },
    "cloud": {
      "domain": "cloud",
      "query_count": 188,
      "metrics": {
        "ndcg": {
          "1": 0.25,
          "3": 0.24011,
          "5": 0.27463,
          "10": 0.31403
        },
        "recall": {
          "1": 0.11454,
          "3": 0.23418,
          "5": 0.3114,
          "10": 0.40037
        }
      }
    }
  }
}
