{
  "cutoffs": [
    1,
    3,
    5,
    10
  ],
  "query_count": 777,
  "metrics": {
    "ndcg": {
      "1": 0.35995710213776727,
      "3": 0.3419457600950118,
      "5": 0.374361567695962,
      "10": 0.4222243705463183
    },
    "recall": {
      "1": 0.1555766270783848,
      "3": 0.32599931116389547,
      "5": 0.4111225296912114,
      "10": 0.5246761163895487
    }
  },
  "domains": {
    "clapnq": {
      "domain": "clapnq",
      "query_count": 208,
      "metrics": {
        "ndcg": {
          "1": 0.46154,
          "3": 0.42729,
          "5": 0.46198,
          "10": 0.51213
        },
        "recall": {
          "1": 0.17769,
          "3": 0.39788,
          "5": 0.49969,
          "10": 0.6172
        }
      }
    },
    "fiqa": {
      "domain": "fiqa",
      "query_count": 180,
      "metrics": {
        "ndcg": {
          "1": 0.31667,
          "3": 0.2904,
          "5": 0.31011,
          "10": 0.35901
        },
        "recall": {
          "1": 0.13644,
          "3": 0.27103,
          "5": 0.32497,
          "10": 0.44369
        }
      }
    },
    "govt": {
      "domain": "govt",
      "query_count": 201,
      "metrics": {
        "ndcg": {
          "1": 0.34826,
          "3": 0.34683,
          "5": 0.39042,
          "10": 0.43964
        },
        "recall": {
          "1": 0.1571,
          "3": 0.33867,
          "5": 0.44392,
          "10": 0.56337
        }
      }
    },
    "cloud": {
      "domain": "cloud",
      "query_count": 188,
      "metrics": {
        "ndcg": {
          "1": 0.30319,
          "3": 0.29363,
          "5": 0.32423,
          "10": 0.36717
        },
        "recall": {
          "1": 0.1484,
          "3": 0.28759,
          "5": 0.36374,
          "10": 0.4618
        }
      }
    }
  }
}
