{
  "cutoffs": [
    1,
    3,
    5,
    10
  ],
  "query_count": 777,
  "metrics": {
    "ndcg": {
      "1": 0.3651803800475059,
      "3": 0.3408778622327791,
      "5": 0.37540464370546317,
      "10": 0.4227189548693586
    },
    "recall": {
      "1": 0.1634798218527316,
      "3": 0.31855463182897864,
      "5": 0.4091721852731592,
      "10": 0.5176251662707838
    }
  },
  "domains": {
    "clapnq": {
      "domain": "clapnq",
      "query_count": 208,
      "metrics": {
        "ndcg": {
          "1": 0.42788,
          "3": 0.37838,
          "5": 0.42087,
          "10": 0.47235
        },
        "recall": {
          "1": 0.17993,
          "3": 0.33447,
          "5": 0.45406,
          "10": 0.57548
        }
      }
    },
    "fiqa": {
      "domain": "fiqa",
      "query_count": 180,
      "metrics": {
        "ndcg": {
          "1": 0.30556,
          "3": 0.28568,
          "5": 0.3195,
          "10": 0.35183
        },
        "recall": {
          "1": 0.12403,
          "3": 0.26612,
          "5": 0.3527,
          "10": 0.42927
        }
      }
    },
    "govt": {
      "domain": "govt",
      "query_count": 201,
      "metrics": {
        "ndcg": {
          "1": 0.35323,
          "3": 0.35318,
          "5": 0.39177,
          "10": 0.44051
        },
        "recall": {
          "1": 0.16758,
          "3": 0.34176,
          "5": 0.43686,
          "10": 0.54251
        }
      }
    },
    "cloud": {
      "domain": "cloud",
      "query_count": 188,
      "metrics": {
        "ndcg": {
          "1": 0.36702,
          "3": 0.34064,
          "5": 0.36291,
          "10": 0.41873
        },
        "recall": {
          "1": 0.17952,
          "3": 0.32784,
          "5": 0.38604,
          "10": 0.5142
        }
      }
    }
  }
}
