{
  "enabled": true,
  "ndcg5_gain": 0.07236851908454395,
  "minimum_ndcg5_gain": 0.01,
  "probability_improvement": 1.0,
  "minimum_improvement_probability": 0.95,
  "paired_bootstrap": {
    "metric": "ndcg",
    "cutoff": 5,
    "query_count": 777,
    "baseline_mean": 0.3049271934505535,
    "candidate_mean": 0.37729571253509747,
    "difference": 0.07236851908454399,
    "confidence": 0.95,
    "confidence_low": 0.0555715395869343,
    "confidence_high": 0.08987308668891503,
    "probability_improvement": 1.0,
    "samples": 5000,
    "seed": 42
  }
}
