{
  "cutoffs": [
    1,
    3,
    5,
    10
  ],
  "query_count": 777,
  "metrics": {
    "ndcg": {
      "1": 0.41893343230403796,
      "3": 0.3835379097387173,
      "5": 0.41083519002375296,
      "10": 0.4573759857482186
    },
    "recall": {
      "1": 0.18435907363420428,
      "3": 0.35627282660332543,
      "5": 0.43641081947743465,
      "10": 0.5450990142517815
    }
  },
  "domains": {
    "clapnq": {
      "domain": "clapnq",
      "query_count": 208,
      "metrics": {
        "ndcg": {
          "1": 0.49519,
          "3": 0.44109,
          "5": 0.46966,
          "10": 0.51489
        },
        "recall": {
          "1": 0.20934,
          "3": 0.39437,
          "5": 0.49317,
          "10": 0.60119
        }
      }
    },
    "fiqa": {
      "domain": "fiqa",
      "query_count": 180,
      "metrics": {
        "ndcg": {
          "1": 0.3,
          "3": 0.29637,
          "5": 0.32048,
          "10": 0.36384
        },
        "recall": {
          "1": 0.12626,
          "3": 0.28594,
          "5": 0.35103,
          "10": 0.44835
        }
      }
    },
    "govt": {
      "domain": "govt",
      "query_count": 201,
      "metrics": {
        "ndcg": {
          "1": 0.41791,
          "3": 0.38892,
          "5": 0.41913,
          "10": 0.46844
        },
        "recall": {
          "1": 0.18961,
          "3": 0.36292,
          "5": 0.44834,
          "10": 0.56664
        }
      }
    },
    "cloud": {
      "domain": "cloud",
      "query_count": 188,
      "metrics": {
        "ndcg": {
          "1": 0.45213,
          "3": 0.39965,
          "5": 0.42561,
          "10": 0.47378
        },
        "recall": {
          "1": 0.20798,
          "3": 0.37598,
          "5": 0.44482,
          "10": 0.55524
        }
      }
    }
  }
}
