{
  "cutoffs": [
    1,
    3,
    5,
    10
  ],
  "query_count": 777,
  "metrics": {
    "ndcg": {
      "1": 0.3481836698337292,
      "3": 0.3223556294536817,
      "5": 0.3623342042755344,
      "10": 0.4050974465558194
    },
    "recall": {
      "1": 0.14348004750593824,
      "3": 0.29977024940617575,
      "5": 0.39930252969121144,
      "10": 0.500947244655582
    }
  },
  "domains": {
    "clapnq": {
      "domain": "clapnq",
      "query_count": 208,
      "metrics": {
        "ndcg": {
          "1": 0.42788,
          "3": 0.37054,
          "5": 0.40951,
          "10": 0.46767
        },
        "recall": {
          "1": 0.16154,
          "3": 0.32416,
          "5": 0.43995,
          "10": 0.5745
        }
      }
    },
    "fiqa": {
      "domain": "fiqa",
      "query_count": 180,
      "metrics": {
        "ndcg": {
          "1": 0.29444,
          "3": 0.26268,
          "5": 0.29734,
          "10": 0.33072
        },
        "recall": {
          "1": 0.12116,
          "3": 0.24612,
          "5": 0.3248,
          "10": 0.40237
        }
      }
    },
    "govt": {
      "domain": "govt",
      "query_count": 201,
      "metrics": {
        "ndcg": {
          "1": 0.37313,
          "3": 0.39274,
          "5": 0.4396,
          "10": 0.48376
        },
        "recall": {
          "1": 0.1702,
          "3": 0.38542,
          "5": 0.49502,
          "10": 0.60155
        }
      }
    },
    "cloud": {
      "domain": "cloud",
      "query_count": 188,
      "metrics": {
        "ndcg": {
          "1": 0.28723,
          "3": 0.25416,
          "5": 0.29322,
          "10": 0.32681
        },
        "recall": {
          "1": 0.11752,
          "3": 0.23579,
          "5": 0.32729,
          "10": 0.41125
        }
      }
    }
  }
}
