{
  "cutoffs": [
    1,
    3,
    5,
    10
  ],
  "query_count": 777,
  "metrics": {
    "ndcg": {
      "1": 0.29672401425178146,
      "3": 0.29137536817102133,
      "5": 0.3216001662707838,
      "10": 0.36568327790973865
    },
    "recall": {
      "1": 0.12612534441805226,
      "3": 0.2808162351543943,
      "5": 0.35701610451306415,
      "10": 0.46291661520190025
    }
  },
  "domains": {
    "clapnq": {
      "domain": "clapnq",
      "query_count": 208,
      "metrics": {
        "ndcg": {
          "1": 0.38462,
          "3": 0.36976,
          "5": 0.40132,
          "10": 0.45297
        },
        "recall": {
          "1": 0.14452,
          "3": 0.3494,
          "5": 0.43807,
          "10": 0.56103
        }
      }
    },
    "fiqa": {
      "domain": "fiqa",
      "query_count": 180,
      "metrics": {
        "ndcg": {
          "1": 0.25,
          "3": 0.2379,
          "5": 0.26754,
          "10": 0.30631
        },
        "recall": {
          "1": 0.10403,
          "3": 0.22557,
          "5": 0.29525,
          "10": 0.39017
        }
      }
    },
    "govt": {
      "domain": "govt",
      "query_count": 201,
      "metrics": {
        "ndcg": {
          "1": 0.31841,
          "3": 0.32603,
          "5": 0.361,
          "10": 0.4084
        },
        "recall": {
          "1": 0.14981,
          "3": 0.31866,
          "5": 0.40677,
          "10": 0.52291
        }
      }
    },
    "cloud": {
      "domain": "cloud",
      "query_count": 188,
      "metrics": {
        "ndcg": {
          "1": 0.2234,
          "3": 0.22146,
          "5": 0.24584,
          "10": 0.28335
        },
        "recall": {
          "1": 0.10275,
          "3": 0.22,
          "5": 0.27647,
          "10": 0.3637
        }
      }
    }
  }
}
