{
  "cutoffs": [
    1,
    3,
    5,
    10
  ],
  "query_count": 777,
  "metrics": {
    "ndcg": {
      "1": 0.31970527315914493,
      "3": 0.3072432185273159,
      "5": 0.34533652019002375,
      "10": 0.38875364608076013
    },
    "recall": {
      "1": 0.13465359857482187,
      "3": 0.2924084441805226,
      "5": 0.38656557007125886,
      "10": 0.4892518764845606
    }
  },
  "domains": {
    "clapnq": {
      "domain": "clapnq",
      "query_count": 208,
      "metrics": {
        "ndcg": {
          "1": 0.39423,
          "3": 0.37781,
          "5": 0.42152,
          "10": 0.47814
        },
        "recall": {
          "1": 0.14516,
          "3": 0.35274,
          "5": 0.469,
          "10": 0.60055
        }
      }
    },
    "fiqa": {
      "domain": "fiqa",
      "query_count": 180,
      "metrics": {
        "ndcg": {
          "1": 0.27222,
          "3": 0.24247,
          "5": 0.27096,
          "10": 0.30784
        },
        "recall": {
          "1": 0.11329,
          "3": 0.22718,
          "5": 0.29427,
          "10": 0.38358
        }
      }
    },
    "govt": {
      "domain": "govt",
      "query_count": 201,
      "metrics": {
        "ndcg": {
          "1": 0.37811,
          "3": 0.36753,
          "5": 0.41272,
          "10": 0.45485
        },
        "recall": {
          "1": 0.17327,
          "3": 0.34942,
          "5": 0.46357,
          "10": 0.56349
        }
      }
    },
    "cloud": {
      "domain": "cloud",
      "query_count": 188,
      "metrics": {
        "ndcg": {
          "1": 0.2234,
          "3": 0.23008,
          "5": 0.26395,
          "10": 0.30063
        },
        "recall": {
          "1": 0.1036,
          "3": 0.23029,
          "5": 0.3057,
          "10": 0.39272
        }
      }
    }
  }
}
