{
  "cutoffs": [
    1,
    3,
    5,
    10
  ],
  "query_count": 777,
  "metrics": {
    "ndcg": {
      "1": 0.34057175771971493,
      "3": 0.3206709144893112,
      "5": 0.3609081710213777,
      "10": 0.41371674584323037
    },
    "recall": {
      "1": 0.1487269239904988,
      "3": 0.3034474109263658,
      "5": 0.3997927197149644,
      "10": 0.5206921021377672
    }
  },
  "domains": {
    "clapnq": {
      "domain": "clapnq",
      "query_count": 208,
      "metrics": {
        "ndcg": {
          "1": 0.42788,
          "3": 0.37572,
          "5": 0.42957,
          "10": 0.48653
        },
        "recall": {
          "1": 0.18186,
          "3": 0.33735,
          "5": 0.47238,
          "10": 0.60606
        }
      }
    },
    "fiqa": {
      "domain": "fiqa",
      "query_count": 180,
      "metrics": {
        "ndcg": {
          "1": 0.26667,
          "3": 0.25883,
          "5": 0.29767,
          "10": 0.33566
        },
        "recall": {
          "1": 0.11102,
          "3": 0.24824,
          "5": 0.33435,
          "10": 0.42001
        }
      }
    },
    "govt": {
      "domain": "govt",
      "query_count": 201,
      "metrics": {
        "ndcg": {
          "1": 0.33333,
          "3": 0.35829,
          "5": 0.39503,
          "10": 0.44911
        },
        "recall": {
          "1": 0.1529,
          "3": 0.35929,
          "5": 0.44735,
          "10": 0.56578
        }
      }
    },
    "cloud": {
      "domain": "cloud",
      "query_count": 188,
      "metrics": {
        "ndcg": {
          "1": 0.32447,
          "3": 0.28128,
          "5": 0.31165,
          "10": 0.37298
        },
        "recall": {
          "1": 0.14477,
          "3": 0.2617,
          "5": 0.33436,
          "10": 0.47808
        }
      }
    }
  }
}
