{
  "cutoffs": [
    1,
    3,
    5,
    10
  ],
  "query_count": 777,
  "metrics": {
    "ndcg": {
      "1": 0.2900101662707838,
      "3": 0.2735796674584323,
      "5": 0.3040321852731592,
      "10": 0.3548137173396675
    },
    "recall": {
      "1": 0.1184328622327791,
      "3": 0.257591377672209,
      "5": 0.33704737529691214,
      "10": 0.45844921615201906
    }
  },
  "domains": {
    "clapnq": {
      "domain": "clapnq",
      "query_count": 208,
      "metrics": {
        "ndcg": {
          "1": 0.35577,
          "3": 0.30277,
          "5": 0.34023,
          "10": 0.41041
        },
        "recall": {
          "1": 0.12356,
          "3": 0.27012,
          "5": 0.37802,
          "10": 0.5439
        }
      }
    },
    "fiqa": {
      "domain": "fiqa",
      "query_count": 180,
      "metrics": {
        "ndcg": {
          "1": 0.19444,
          "3": 0.18451,
          "5": 0.22038,
          "10": 0.26092
        },
        "recall": {
          "1": 0.07487,
          "3": 0.16937,
          "5": 0.25243,
          "10": 0.34897
        }
      }
    },
    "govt": {
      "domain": "govt",
      "query_count": 201,
      "metrics": {
        "ndcg": {
          "1": 0.34328,
          "3": 0.35914,
          "5": 0.38684,
          "10": 0.43212
        },
        "recall": {
          "1": 0.15445,
          "3": 0.35832,
          "5": 0.43056,
          "10": 0.53869
        }
      }
    },
    "cloud": {
      "domain": "cloud",
      "query_count": 188,
      "metrics": {
        "ndcg": {
          "1": 0.25532,
          "3": 0.23883,
          "5": 0.25924,
          "10": 0.30451
        },
        "recall": {
          "1": 0.11752,
          "3": 0.22439,
          "5": 0.2768,
          "10": 0.38759
        }
      }
    }
  }
}
