{
  "cutoffs": [
    1,
    3,
    5,
    10
  ],
  "query_count": 777,
  "metrics": {
    "ndcg": {
      "1": 0.2825168289786223,
      "3": 0.2726550712589074,
      "5": 0.31005470308788596,
      "10": 0.35260049881235156
    },
    "recall": {
      "1": 0.12135166270783848,
      "3": 0.26344061757719717,
      "5": 0.3531563895486936,
      "10": 0.45285985748218527
    }
  },
  "domains": {
    "clapnq": {
      "domain": "clapnq",
      "query_count": 208,
      "metrics": {
        "ndcg": {
          "1": 0.31731,
          "3": 0.29356,
          "5": 0.33543,
          "10": 0.39533
        },
        "recall": {
          "1": 0.1196,
          "3": 0.26575,
          "5": 0.37878,
          "10": 0.51997
        }
      }
    },
    "fiqa": {
      "domain": "fiqa",
      "query_count": 180,
      "metrics": {
        "ndcg": {
          "1": 0.21111,
          "3": 0.2046,
          "5": 0.23966,
          "10": 0.27731
        },
        "recall": {
          "1": 0.09218,
          "3": 0.20468,
          "5": 0.27774,
          "10": 0.3653
        }
      }
    },
    "govt": {
      "domain": "govt",
      "query_count": 201,
      "metrics": {
        "ndcg": {
          "1": 0.32836,
          "3": 0.33372,
          "5": 0.3733,
          "10": 0.41474
        },
        "recall": {
          "1": 0.15017,
          "3": 0.33197,
          "5": 0.4284,
          "10": 0.52613
        }
      }
    },
    "cloud": {
      "domain": "cloud",
      "query_count": 188,
      "metrics": {
        "ndcg": {
          "1": 0.26596,
          "3": 0.25213,
          "5": 0.28464,
          "10": 0.31413
        },
        "recall": {
          "1": 0.1215,
          "3": 0.24642,
          "5": 0.31982,
          "10": 0.38804
        }
      }
    }
  }
}
