{
  "cutoffs": [
    1,
    3,
    5,
    10
  ],
  "query_count": 777,
  "metrics": {
    "ndcg": {
      "1": 0.36593928741092635,
      "3": 0.3432238836104513,
      "5": 0.3763093824228028,
      "10": 0.41619591448931115
    },
    "recall": {
      "1": 0.15825790973871734,
      "3": 0.3243387885985748,
      "5": 0.4084830403800475,
      "10": 0.5032669833729216
    }
  },
  "domains": {
    "clapnq": {
      "domain": "clapnq",
      "query_count": 208,
      "metrics": {
        "ndcg": {
          "1": 0.44231,
          "3": 0.40222,
          "5": 0.44268,
          "10": 0.49912
        },
        "recall": {
          "1": 0.16711,
          "3": 0.36916,
          "5": 0.48027,
          "10": 0.61577
        }
      }
    },
    "fiqa": {
      "domain": "fiqa",
      "query_count": 180,
      "metrics": {
        "ndcg": {
          "1": 0.26667,
          "3": 0.24571,
          "5": 0.27409,
          "10": 0.31697
        },
        "recall": {
          "1": 0.1082,
          "3": 0.23233,
          "5": 0.30353,
          "10": 0.40332
        }
      }
    },
    "govt": {
      "domain": "govt",
      "query_count": 201,
      "metrics": {
        "ndcg": {
          "1": 0.41294,
          "3": 0.41141,
          "5": 0.44793,
          "10": 0.4812
        },
        "recall": {
          "1": 0.20213,
          "3": 0.3924,
          "5": 0.47948,
          "10": 0.56011
        }
      }
    },
    "cloud": {
      "domain": "cloud",
      "query_count": 188,
      "metrics": {
        "ndcg": {
          "1": 0.32979,
          "3": 0.30224,
          "5": 0.32825,
          "10": 0.35405
        },
        "recall": {
          "1": 0.15138,
          "3": 0.29363,
          "5": 0.35781,
          "10": 0.41802
        }
      }
    }
  }
}
